"","class","CID","smiles"
"1",1,1001,"CCCCCCCCCCCCCC[C@H](C(=O)N[C@H]([C@@H](/C=C/CC/C=C(/CCCCCCCCC)\C)O)CO[C@@H]1O[C@H](CO)[C@H]([C@@H]([C@H]1O)O)O)O"
"2",1,1002,"CCCCCCCCCCCCCCCC[C@H](C(=O)N[C@H]([C@@H](/C=C/CC/C=C(/CCCCCCCCC)\C)O)CO[C@@H]1O[C@H](CO)[C@H]([C@@H]([C@H]1O)O)O)O"
"3",1,1003,"OC(=O)CC[Ge](=O)O[Ge](=O)CCC(=O)O"
"4",1,9999,"CCCCCCCCCC"
"5",1,1005,"OC/C(=C/CC[C@H]([C@H]1CC[C@@]2([C@]1(C)CC=C1C2=CC[C@@H]2[C@]1(C)CCC(=O)C2(C)C)C)C)/C"
"6",1,1006,"OC/C(=C/CC[C@H]([C@H]1CC[C@@]2([C@]1(C)CC=C1C2=CC[C@@H]2[C@]1(C)CC[C@@H](C2(C)C)O)C)C)/C"
"7",1,1007,"O=C/C(=C/CC[C@H]([C@H]1CC[C@@]2([C@]1(C)CC=C1C2=CC[C@@H]2[C@]1(C)CCC(=O)C2(C)C)C)C)/C"
"8",1,1008,"CO[C@H]1CCc2c1cnc1c2COc2c1cc(O)cc2"
"9",1,1009,"Oc1ccc2c(c1)c1ncc3c(c1CO2)CCC3"
"10",1,1010,"COC1Oc2ccc(cc2c2c1c1CCCc1cn2)O"
"11",1,1011,"COC(c1cnc2c3c1CC[C@@H]3Oc1c2cc(O)cc1)OC"
"12",1,1012,"CC(=O)OC(C(C1CC(C2(C1(C)CC=C1C2=CCC2C1(C)CCC(C2(C)C)OC(=O)C)C)O)C)C/C=C(/C(=O)O)\C"
"13",1,1013,"CC(=O)O[C@H]1C[C@@H]([C@@]2([C@]1(C)C1=CC[C@@H]3[C@](C1=CC2)(C)CC[C@@H](C3(C)C)OC(=O)C)C)[C@@H](CC/C=C(/C(=O)O)\C)C"
"14",1,1014,"CC(=O)O[C@@H]1CC[C@]2([C@H](C1(C)C)CC=C1C2=CC[C@]2([C@@]1(C)[C@@H](O)C[C@@H]2[C@@H](CC/C=C(/C(=O)O)\C)C)C)C"
"15",1,1015,"CC(=O)O[C@H]([C@H]([C@H]1CC[C@@]2([C@]1(C)CC=C1C2=CC[C@@H]2[C@]1(C)CC[C@H](C2(C)C)OC(=O)C)C)C)C/C=C(/C(=O)O)\C"
"16",1,1016,"CC(=O)OC1CC2C(C)(C)C(CCC2(C2=C1C1(C)C(O)CC(C1(CC2)C)C(C(OC(=O)C)C/C=C(/C(=O)O)\C)C)C)OC(=O)C"
"17",1,1017,"CC(=O)O[C@H]1C[C@@H]([C@@]2([C@]1(C)C1=CC[C@@H]3[C@](C1=CC2)(C)CC[C@H](C3(C)C)OC(=O)C)C)[C@@H](CC/C=C(/C(=O)O)\C)C"
"18",1,1018,"O=C(CC(C(=O)O)C)C[C@H]([C@H]1CC(=O)[C@@]2([C@]1(C)CC(=O)C1=C2[C@@H](O)C[C@@H]2[C@]1(C)CCC(=O)C2(C)C)C)C"
"19",1,1019,"O=C(C[C@H](C(=O)O)C)C[C@H]([C@H]1CC(=O)[C@@]2([C@]1(C)CC(=O)C1=C2C(=O)C[C@@H]2[C@]1(C)CCC(=O)C2(C)C)C)C"
"20",1,1020,"C[C@@H]([C@H]1CC[C@@]2([C@]1(C)CCC1=C2C(=O)C[C@@H]2[C@]1(C)CCC(=O)C2(C)C)C)CC/C=C(/C(=O)O)\C"
"21",1,1021,"OC(=O)CC[C@H]([C@H]1CC(=O)[C@@]2([C@]1(C)CC(=O)C1=C2[C@@H](O)C[C@@H]2[C@]1(C)CCC(=O)C2(C)C)C)C"
"22",1,1022,"OC(=O)CC[C@H]([C@H]1CC(=O)[C@@]2([C@]1(C)[C@H](O)C(=O)C1=C2[C@@H](O)C[C@@H]2[C@]1(C)CCC(=O)C2(C)C)C)C"
"23",1,1023,"OC(=O)CC[C@H]([C@H]1CC(=O)[C@@]2([C@]1(C)[C@H](O)C(=O)C1=C2[C@@H](O)C[C@@H]2[C@]1(C)CC[C@@H](C2(C)C)O)C)C"
"24",1,1024,"OC(=O)CC[C@H]([C@H]1CC(=O)[C@@]2([C@]1(C)CC(=O)C1=C2[C@@H](O)C[C@@H]2[C@]1(C)CC[C@@H](C2(C)C)O)C)C"
"25",1,1025,"O=C(C[C@H](C(=O)O)C)C[C@H]([C@H]1C[C@@H]([C@@]2([C@]1(C)CC(=O)C1=C2[C@@H](O)C[C@@H]2[C@]1(C)CCC(=O)C2(C)C)C)O)C"
"26",1,1026,"O=C(CC(C(=O)O)C)C[C@H]([C@H]1CC(=O)[C@@]2([C@]1(C)[C@H](OC(=O)C)C(=O)C1=C2C(=O)C[C@@H]2[C@]1(C)CCC(=O)C2(C)C)C)C"
"27",1,1027,"O=C(CC(C(=O)O)C)CC(C1CC(=O)C2(C1(C)C(OC(=O)C)C(=O)C1=C2C(=O)CC2C1(C)CCC(C2(C)C)O)C)C"
"28",1,1028,"CC(=O)O[C@H]1C[C@@H]([C@@]2([C@]1(C)C1=CC[C@@H]3[C@](C1=CC2)(C)CC[C@H](C3(C)C)O)C)[C@@H](CC/C=C(/C(=O)O)\C)C"
"29",1,1029,"CC(=O)O[C@H]1C[C@@H]([C@@]2([C@]1(C)C1=CC[C@@H]3[C@](C1=CC2)(C)CC[C@H](C3(C)C)OC(=O)C)C)[C@@H]([C@@H](OC(=O)C)C/C=C(/C(=O)O)\C)C"
"30",1,1030,"OCC(=CCC[C@H]([C@H]1CC[C@@]2([C@]1(C)CC=C1C2=CC[C@@H]2[C@]1(C)CCC(=O)C2(C)C)C)C)CO"
"31",1,1031,"OC[C@]([C@H](CC[C@H]([C@H]1CC[C@@]2([C@]1(C)CC=C1C2=CC[C@@H]2[C@]1(C)CCC(=O)C2(C)C)C)C)O)(O)C"
"32",1,1032,"CCCCOC(=O)[C@@H](CC(=O)C[C@H]([C@H]1CC(=O)[C@@]2([C@]1(C)[C@H](OC(=O)C)C(=O)C1=C2C(=O)C[C@@H]2[C@]1(C)CC[C@@H](C2(C)C)O)C)C)C"
"33",1,1033,"O=C(C[C@H](C(=O)O)C)C[C@H]([C@H]1C[C@H]([C@@]2([C@]1(C)[C@H](OC(=O)C)C(=O)C1=C2C(=O)C[C@@H]2[C@]1(C)CC[C@@H](C2(C)C)O)C)O)C"
"34",1,1034,"O=C(C[C@H](C(=O)O)C)C[C@H]([C@H]1C[C@@H]([C@@]2([C@]1(C)CC(=O)C1=C2CC[C@@H]2[C@]1(C)CCC(=O)C2(C)C)C)O)C"
"35",1,1035,"COC(=O)C(CC(=O)C[C@H]([C@H]1C[C@@H]([C@@]2([C@]1(C)CC(=O)C1=C2CC[C@@H]2[C@]1(C)CCC(=O)C2(C)C)C)O)C)C"
"36",1,1036,"O=C(CC(C(=O)O)C)CC(C1CC(C2(C1(C)CC(=O)C1=C2CCC2C1(C)CCC(C2(C)C)O)C)O)C"
"37",1,1037,"COC(=O)C(CC(=O)C[C@H]([C@H]1C[C@@H]([C@@]2([C@]1(C)CC(=O)C1=C2CC[C@@H]2[C@]1(C)CC[C@@H](C2(C)C)O)C)O)C)C"
"38",1,1038,"COC(=O)[C@@H](CC(=O)C[C@H]([C@H]1C[C@@H]([C@@]2([C@]1(C)CC(=O)C1=C2[C@@H](O)C[C@@H]2[C@]1(C)CCC(=O)C2(C)C)C)O)C)C"
"39",1,1039,"COC(=O)[C@@H](CC(=O)C[C@H]([C@H]1CC(=O)[C@@]2([C@]1(C)CC(=O)C1=C2[C@@H](O)C[C@@H]2[C@]1(C)CC[C@@H](C2(C)C)O)C)C)C"
"40",1,1040,"COC(=O)[C@@H](CC(=O)C[C@H]([C@H]1CC(=O)[C@@]2([C@]1(C)CC(=O)C1=C2[C@@H](O)C[C@@H]2[C@]1(C)CCC(=O)C2(C)C)C)C)C"
"41",1,1041,"O=C(C[C@H](C(=O)O)C)C[C@H]([C@H]1CC(=O)[C@@]2([C@]1(C)CC(=O)C1=C2[C@@H](O)C[C@@H]2[C@]1(C)CCC(=O)C2(C)C)C)C"
"42",1,1042,"COC(=O)C(CC(=O)CC(C1CC(C2(C1(C)CC(=O)C1=C2C(=O)CC2C1(C)CCC(=O)C2(C)C)C)O)C)C"
"43",1,1043,"O=C(CC(C(=O)O)C)C[C@H]([C@H]1CC(=O)[C@@]2([C@]1(C)C[C@H](O)C1=C2[C@@H](O)C[C@@H]2[C@]1(C)CCC(=O)C2(C)C)C)C"
"44",1,1044,"O=C(CC(C(=O)O)C)CC(C1CC(=O)C2(C1(C)C(OC(=O)C)C(=O)C1=C2C(O)CC2C1(C)CCC(C2(C)C)O)C)C"
"45",1,1045,"O=C(CC(C(=O)O)C)CC(C1CC(=O)C2(C1(C)CC(=O)C1=C2C(=O)CC2C1(C)CCC(C2(C)C)O)C)C"
"46",1,1046,"O=C(CC(C(=O)O)C)CC(C1CC(C2(C1(C)CC(=O)C1=C2C(=O)CC2C1(C)CCC(=O)C2(C)C)C)O)C"
"47",1,1047,"O=C(C[C@H](C(=O)O)C)C[C@H]([C@H]1C[C@@H]([C@@]2([C@]1(C)CC(=O)C1=C2[C@@H](O)CC2[C@]1(C)CC[C@@H](C2(C)C)O)C)O)C"
"48",1,1048,"O=C(CC(C(=O)O)C)CC(C1CC(=O)C2(C1(C)C(O)C(=O)C1=C2C(O)CC2C1(C)CCC(C2(C)C)O)C)C"
"49",1,1049,"C[C@@H]([C@H]1CC[C@@]2([C@]1(C)CCC1=C2C(=O)C[C@@H]2[C@]1(C)CC[C@@H](C2(C)C)O)C)CC/C=C(/C(=O)O)\C"
"50",1,1050,"O[C@H](/C=C(/C(=O)O)\C)C[C@H]([C@H]1CC(=O)[C@@]2([C@]1(C)CC(=O)C1=C2[C@@H](O)C[C@@H]2[C@]1(C)CCC(=O)C2(C)C)C)C"
"51",1,1051,"O=C/C(=C/CC[C@H]([C@H]1CC[C@@]2([C@]1(C)CCC1=C2C(=O)C[C@@H]2[C@]1(C)CCC(=O)C2(C)C)C)C)/C"
"52",1,1052,"O=C/C(=C/CC[C@H]([C@H]1CC[C@@]2([C@]1(C)CCC1=C2C(=O)C[C@@H]2[C@]1(C)CC[C@@H](C2(C)C)O)C)C)/C"
"53",1,1053,"O[C@H](/C=C(/C(=O)O)\C)C[C@H]([C@H]1C[C@@H]([C@@]2([C@]1(C)CC(=O)C1=C2[C@@H](O)C[C@@H]2[C@]1(C)CCC(=O)C2(C)C)C)O)C"
"54",1,1054,"O[C@H](/C=C(/C(=O)O)\C)C[C@H]([C@H]1C[C@@H]([C@@]2([C@]1(C)CC(=O)C1=C2[C@H](O)C[C@@H]2[C@]1(C)CCC(=O)C2(C)C)C)O)C"
"55",1,1055,"O[C@H](/C=C(/C(=O)O)\C)C[C@H]([C@H]1CC(=O)[C@@]2([C@]1(C)CC(=O)C1=C2[C@@H](O)C[C@@H]2[C@]1(C)CC[C@@H](C2(C)C)O)C)C"
"56",1,1056,"O[C@H](/C=C(/C(=O)O)\C)C[C@H]([C@H]1CC(=O)[C@@]2([C@]1(C)CC(=O)C1=C2C(=O)C[C@@H]2[C@]1(C)CC[C@@H](C2(C)C)O)C)C"
"57",1,1057,"O[C@H](/C=C(/C(=O)O)\C)C[C@H]([C@H]1CC(=O)[C@@]2([C@]1(C)[C@H](O)C(=O)C1=C2[C@@H](O)C[C@@H]2[C@]1(C)CC[C@@H](C2(C)C)O)C)C"
"58",1,1058,"O[C@H](/C=C(/C(=O)O)\C)C[C@H]([C@H]1CC(=O)[C@@]2([C@]1(C)[C@H](O)C(=O)C1=C2C(=O)C[C@@H]2[C@]1(C)CC[C@@H](C2(C)C)O)C)C"
"59",1,1059,"C[C@@H]([C@H]1CC(=O)[C@@]2([C@]1(C)CC(=O)C1=C2[C@@H](O)C[C@@H]2[C@]1(C)CC[C@@H](C2(C)C)O)C)CC/C=C(/C(=O)O)\C"
"60",1,1060,"C[C@@H]([C@H]1C[C@@H]([C@@]2([C@]1(C)CC(=O)C1=C2CC[C@@H]2[C@]1(C)CCC(=O)C2(C)C)C)O)CC/C=C(/C(=O)O)\C"
"61",1,1061,"O=C/C(=C/CC[C@H]([C@H]1CC[C@@]2([C@]1(C)CCC1=C2[C@H](O)C[C@@H]2[C@]1(C)CCC(=O)C2(C)C)C)C)/C"
"62",1,1062,"CC(=O)O[C@@H]1C[C@H]2C(C)(C)[C@@H](CC[C@@]2(C2=C1[C@]1(C)[C@@H](O)C[C@@H]([C@]1(CC2)C)[C@@H](CC/C=C(/C(=O)O)\C)C)C)OC(=O)C"
"63",1,1063,"CO[C@@H]1C[C@H]2C(C)(C)[C@@H](CC[C@@]2(C2=C1[C@]1(C)[C@@H](O)C[C@@H]([C@]1(CC2)C)[C@@H](CC/C=C(/C(=O)O)\C)C)C)OC(=O)C"
"64",1,1064,"OC/C(=C/CC[C@H]([C@H]1CC[C@@]2([C@]1(C)CCC1=C2C(=O)C[C@@H]2[C@]1(C)CC[C@@H](C2(C)C)O)C)C)/C"
"65",1,1065,"O=C/C(=C/CC[C@H]([C@H]1C[C@@H]([C@@]2([C@]1(C)CC(=O)C1=C2[C@@H](O)C[C@@H]2[C@]1(C)CCC(=O)C2(C)C)C)O)C)/C"
"66",1,1066,"O[C@H](/C=C(/C(=O)O)\C)C[C@H]([C@H]1C[C@@H]([C@@]2([C@]1(C)CC(=O)C1=C2CC[C@@H]2[C@]1(C)CCC(=O)C2(C)C)C)O)C"
"67",1,1067,"CC(=O)O[C@H]1C[C@@H]([C@@]2([C@]1(C)C1=C(CC2)[C@@]2([C@@H](C[C@H]1O)C(C)(C)[C@@H](CC2)OC(=O)C)C)C)[C@@H](CC/C=C(/C(=O)O)\C)C"
"68",1,1068,"O[C@H]1CC[C@]2(C(C1)CC=C1[C@@H]2CC[C@]2([C@H]1CC[C@@H]2[C@@H](/C=C/C(C(C)C)C)C)C)C"
"69",1,1069,"CCC(C(C)C)CC[C@H]([C@H]1CC[C@@H]2[C@]1(C)CC[C@H]1C2=CCC2[C@]1(C)CC[C@@H](C2)O)C"
"70",1,1070,"O[C@H]1CC[C@]2(C(=CC=C3[C@@H]2CC[C@]2([C@H]3CC[C@@H]2[C@@H](/C=C/[C@@H](C(C)C)C)C)C)C1)C"
"71",1,1071,"O[C@H]1CC[C@]2([C@@]3(C1)OO[C@@]1([C@@H]2CC[C@]2([C@H]1CC[C@@H]2[C@@H](/C=C/[C@@H](C(C)C)C)C)C)C=C3)C"
"72",1,1072,"OC(=O)/C(=C/CCC(C1CC(=O)C2(C1(C)CC(=O)C1=C2C(=O)CC2C1(C)CCC(C2(C)C)O)C)(O)C)/C"
"73",1,1073,"CC(=O)O[C@H]1C[C@@H]([C@@]2([C@]1(C)C1=CC[C@@H]3[C@](C1=CC2)(C)CC[C@H](C3(C)C)O)C)[C@@H]([C@@H](OC(=O)C)C/C=C(/C(=O)O)\C)C"
"74",1,1074,"CC(=O)O[C@H]([C@H]([C@H]1C[C@@H]([C@@]2([C@]1(C)CC=C1C2=CC[C@@H]2[C@]1(C)CC[C@H](C2(C)C)OC(=O)C)C)O)C)C/C=C(/C(=O)O)\C"
"75",1,1075,"O=C(CC(C1CC(=O)C2(C1(C)CC(=O)C1=C2C(=O)CC2C1(C)CCC(=O)C2(C)C)C)(O)C)CC(C(=O)O)C"
"76",1,1076,"CO[C@@H]1C[C@H]2C(C)(C)[C@@H](CC[C@@]2(C2=C1[C@]1(C)[C@@H](OC(=O)C)C[C@@H]([C@]1(CC2)C)[C@@H]([C@@H](OC(=O)C)C/C=C(/C(=O)O)\C)C)C)OC(=O)C"
"77",1,1077,"O=C(CC(C(=O)O)C)/C=C(\C1CC(=O)C2(C1(C)CC(=O)C1=C2C(O)CC2C1(C)CCC(=O)C2(C)C)C)/C"
"78",1,1078,"OCC([C@H](CC[C@H]([C@H]1CC[C@@]2([C@]1(C)CC=C1C2=CC[C@@H]2[C@]1(C)CC[C@@H](C2(C)C)O)C)C)O)(O)C"
"79",1,1079,"OCC(=CCC[C@H]([C@H]1C[C@@H]([C@@]2([C@]1(C)CC=C1C2=CC[C@@H]2[C@]1(C)CCC(=O)C2(C)C)C)O)C)CO"
"80",1,1080,"O[C@H]1CC[C@]2([C@@](C1)(O)[C@H](O)C=C1[C@@H]2CC[C@]2([C@H]1CC[C@@H]2[C@@H](/C=C/[C@@H](C(C)C)C)C)C)C"
"81",1,1081,"O=C(CC(C1CC(C2(C1(C)C(O)C(=O)C1=C2C(=O)CC2C1(C)CCC(=O)C2(C)C)C)O)(O)C)CC(C(=O)O)C"
"82",1,1082,"CC(=O)O[C@H]1C[C@@H]([C@@]2([C@]1(C)C1=C(C(=O)[C@H]2OC(=O)C)[C@@]2([C@@H](CC1)C(C)(C)[C@H](CC2)O)C)C)[C@@H](CC/C=C(/C(=O)O)\C)C"
"83",1,1083,"O=C(CC([C@H]1C[C@@H]([C@@]2([C@]1(C)CC(=O)C1=C2C(=O)C[C@@H]2[C@]1(C)CCC(=O)C2(C)C)C)O)(O)C)CC(C(=O)O)C"
"84",1,1084,"O=C(C[C@H](C(=O)O)C)C[C@H]([C@H]1CC(=O)[C@@]2([C@]1(C)CC(=O)C1=C2[C@@H](O)C[C@@H]2[C@]1(C)CC[C@@H](C2(C)C)O)C)C"
"85",1,1085,"O=C(C[C@H](C(=O)O)C)C[C@H]([C@H]1C[C@@H]([C@@]2([C@]1(C)CC(=O)C1=C2[C@@H](O)C[C@@H]2[C@]1(C)CC[C@@H](C2(C)C)O)C)O)C"
"86",1,1086,"O=C(CC(C(=O)O)C)C[C@H]([C@H]1C[C@@H]([C@@]2([C@]1(C)CC(=O)C1=C2[C@H](O)C[C@@H]2[C@]1(C)CCC(=O)C2(C)C)C)O)C"
"87",1,1087,"O=C(CC(C(=O)O)C)C[C@H]([C@H]1CC(=O)[C@@]2([C@]1(C)CC(=O)C1=C2[C@H](O)C[C@@H]2[C@]1(C)CCC(=O)C2(C)C)C)C"
"88",1,1088,"O=C(CC(C(=O)O)C)C[C@H]([C@H]1CC(=O)[C@@]2([C@]1(C)[C@H](O)C(=O)C1=C2C(=O)C[C@@H]2[C@]1(C)CC[C@@H](C2(C)C)O)C)C"
"89",1,1089,"O=C(CC(C(=O)O)C)CC(C1CC(=O)C2(C1(C)C(O)C(=O)C1=C2C(O)CC2C1(C)CCC(=O)C2(C)C)C)C"
"90",1,1090,"C[C@@H]([C@H]1CC(=O)[C@@]2([C@]1(C)CC(=O)C1=C2[C@@H](O)C[C@@H]2[C@]1(C)CCC(=O)C2(C)C)C)CC/C=C(/C(=O)O)\C"
"91",1,1091,"C[C@@H]([C@H]1C[C@@H]([C@@]2([C@]1(C)CC(=O)C1=C2[C@@H](O)C[C@@H]2[C@]1(C)CCC(=O)C2(C)C)C)O)CC/C=C(/C(=O)O)\C"
"92",1,1092,"CC(=O)O[C@@H]1C(=O)C2=C([C@]3([C@@]1(C)[C@H](CC3=O)[C@@H](CC/C=C(/C(=O)O)\C)C)C)[C@@H](O)C[C@@H]1[C@]2(C)CC[C@@H](C1(C)C)O"
"93",1,1093,"O=C(CC(C1CC(=O)C2(C1(C)CC(=O)C1=C2C(O)CC2C1(C)CCC(C2(C)C)O)C)(O)C)CC(C(=O)O)C"
"94",1,1094,"C[C@@H]([C@H]1C[C@@H]([C@@]2([C@]1(C)CC=C1C2=CC[C@@H]2[C@]1(C)CC[C@H](C2(C)C)O)C)O)CC/C=C(/C(=O)O)\C"
"95",1,1095,"C[C@@H]([C@H]1C[C@@H]([C@@]2([C@]1(C)CC=C1C2=CC[C@@H]2[C@]1(C)CC[C@@H](C2(C)C)O)C)O)CC/C=C(/C(=O)O)\C"
"96",1,1096,"O=C(CC(C1CC(C2(C1(C)CC(=O)C1=C2C(O)CC2C1(C)CCC(C2(C)C)O)C)O)(O)C)CC(C(=O)O)C"
"97",1,1097,"O[C@H](/C=C(/C(=O)O)\C)C[C@H]([C@H]1CC(=O)[C@@]2([C@]1(C)CC(=O)C1=C2[C@@H](O)C[C@@H]2[C@]1(C)CCC(=O)C2(C)C)C)C"
"98",1,1098,"O=C(CC(C(=O)O)C)CC(C1CC(=O)C2(C1(C)C(O)C(=O)C1=C2C(O)CC2C1(C)CCC(=O)C2(C)C)C)C"
"99",1,1099,"CC(=O)OC1CC(C2(C1(C)C1=C(CC2)C2(C(CC1O)C(C)(C)C(CC2)OC(=O)C)C)C)C(C(OC(=O)C)C/C=C(/C(=O)O)\C)C"
"100",1,1100,"CC(=O)OC1CC2C(C)(C)C(CCC2(C2=C1C1(C)CCC(C1(CC2)C)C(C(OC(=O)C)C/C=C(/C(=O)O)\C)C)C)OC(=O)C"
"101",1,1101,"COC1CC2C(C)(C)C(CCC2(C2=C1C1(C)C(O)CC(C1(CC2)C)C(C(OC(=O)C)C/C=C(/C(=O)O)\C)C)C)OC(=O)C"
"102",1,1102,"CC(=O)OC(C(C1CC(C2(C1(C)CCC1=C2C(O)CC2C1(C)CCC(C2(C)C)OC(=O)C)C)O)C)C/C=C(/C(=O)O)\C"
"103",1,1103,"COC1CC2C(C3=C1C1(C)CCC(C1(CC3)C)C(C(OC(=O)C)C/C=C(/C(=O)O)\C)C)(C)CCC(C2(C)C)O"
"104",1,1104,"O=C(CC(C1CC(=O)C2(C1(C)CC(=O)C1=C2C(O)CC2C1(C)CCC(=O)C2(C)C)C)(O)C)CC(C(=O)O)C"
"105",1,1105,"C[C@@H]([C@H]1CC[C@@]2([C@]1(C)CC=C1C2=CC[C@@H]2[C@]1(C)CCC(=O)C2(C)C)C)CC/C=C(/C(=O)O)\C"
"106",1,1106,"C[C@@H]([C@H]1CC[C@@]2([C@]1(C)CC=C1C2=CC[C@@H]2[C@]1(C)CCC(=O)C2(C)C)C)CC/C=C(\C(=O)O)/C"
"107",1,1107,"CC(=O)O[C@H]1C[C@@H]([C@@]2([C@]1(C)C1=CC[C@@H]3[C@](C1=CC2)(C)CC[C@@H](C3(C)C)O)C)[C@@H](CC/C=C(/C(=O)O)\C)C"
"108",1,1108,"C[C@@H]([C@H]1C[C@@H]([C@@]2([C@]1(C)CC=C1C2=CC[C@@H]2[C@]1(C)CCC(=O)C2(C)C)C)O)CC/C=C(/C(=O)O)\C"
"109",1,1109,"C[C@@H]([C@H]1C[C@H]([C@@]2([C@]1(C)CC=C1C2=CC[C@@H]2[C@]1(C)CCC(=O)C2(C)C)C)O)CC/C=C(/C(=O)O)\C"
"110",1,1110,"CC(=O)O[C@H]1C[C@@H]([C@@]2([C@]1(C)C1=CC[C@@H]3[C@](C1=CC2)(C)CCC(=O)C3(C)C)C)[C@@H](CC/C=C(/C(=O)O)\C)C"
"111",1,1111,"C[C@@H]([C@H]1CC[C@@]2([C@]1(C)CCC1=C2[C@H](O)C[C@@H]2[C@]1(C)CC[C@H](C2(C)C)O)C)CC/C=C(/C(=O)O)\C"
"112",1,1112,"CC(=O)O[C@H]1C[C@@H]([C@@]2([C@]1(C)C1=C(CC2)[C@@]2([C@@H](C[C@H]1O)C(C)(C)C(=O)CC2)C)C)[C@@H](CC/C=C(/C(=O)O)\C)C"
"113",1,1113,"C[C@@H]([C@H]1CC[C@@]2([C@]1(C)CC=C1C2=CC[C@@H]2[C@]1(C)CC[C@@H](C2(C)C)O)C)CC/C=C(/C(=O)O)\C"
"114",1,1114,"C[C@@H]([C@H]1CC[C@@]2([C@]1(C)CCC1=C2CC[C@@H]2[C@]1(C)CC[C@@H](C2(C)C)O)C)CC/C=C(/C(=O)O)\C"
"115",1,1115,"CC(=O)O[C@H]1CC[C@]2([C@H](C1(C)C)CC=C1C2=CC[C@]2([C@@]1(C)[C@@H](O)C[C@@H]2[C@@H](CC/C=C(/C(=O)O)\C)C)C)C"
"116",1,1116,"O=C(CC(C(=O)O)C)/C=C(\C1CC(C2(C1(C)CC(=O)C1=C2C(O)CC2C1(C)CCC(=O)C2(C)C)C)O)/C"
"117",1,1117,"O=C(CC(C(=O)O)C)/C=C(\C1CC(=O)C2(C1(C)CC(=O)C1=C2C(O)CC2C1(C)CCC(C2(C)C)O)C)/C"
"118",1,1118,"O=C(CC(C(=O)O)C)/C=C(\C1CC(C2(C1(C)CC(=O)C1=C2C(O)CC2C1(C)CCC(C2(C)C)O)C)O)/C"
"119",1,1119,"O=C(CC(C(=O)O)C)/C=C(\C1CC(=O)C2(C1(C)C(O)C(=O)C1=C2C(O)CC2C1(C)CCC(=O)C2(C)C)C)/C"
"120",1,1120,"O=C(CC(C(=O)O)C)/C=C(\C1CC(=O)C2(C1(C)CC(=O)C1=C2C(=O)CC2C1(C)CCC(=O)C2(C)C)C)/C"
"121",1,1121,"O=C(CC(C(=O)O)C)/C=C(\C1CC(C2(C1(C)CC(=O)C1=C2C(=O)CC2C1(C)CCC(=O)C2(C)C)C)O)/C"
"122",1,1122,"O=C(CC(C(=O)O)C)/C=C(\C1CC(=O)C2(C1(C)CC(=O)C1=C2C(=O)CC2C1(C)CCC(C2(C)C)O)C)/C"
"123",1,1123,"O=C(CC(C(=O)O)C)/C=C(\C1CC(C2(C1(C)CC(=O)C1=C2C(=O)CC2C1(C)CCC(C2(C)C)O)C)O)/C"
"124",1,1124,"CC(=O)O[C@@H]1C(=O)C2=C([C@]3([C@@]1(C)[C@H](CC3=O)/C(=C/C(=O)CC(C(=O)O)C)/C)C)[C@@H](O)C[C@@H]1[C@]2(C)CC[C@@H](C1(C)C)O"
"125",1,1125,"COC(=O)C(CC(=O)CC(C1CC(C2(C1(C)C(O)C(=O)C1=C2C(=O)CC2C1(C)CCC(=O)C2(C)C)C)O)(O)C)C"
"126",1,1126,"COC(=O)[C@@H](CC(=O)C[C@H]([C@H]1CC(=O)[C@@]2([C@]1(C)CC(=O)C1=C2[C@@H](O)C[C@@H]2[C@]1(C)CCC(=O)C2(C)C)C)C)C"
"127",1,1127,"COC(=O)C(CC(=O)C[C@H]([C@H]1CC(=O)[C@@]2([C@]1(C)C[C@H](O)C1=C2[C@@H](O)C[C@@H]2[C@]1(C)CCC(=O)C2(C)C)C)C)C"
"128",1,1128,"C[C@@H]([C@H]1CC[C@@]2([C@]1(C)CCC1=C2C(=O)C[C@@H]2[C@]1(C)CCC(=O)C2(C)C)C)CC/C=C(\C(=O)O)/C"
"129",1,1129,"COC(=O)[C@@H](CC(=O)C[C@H]([C@H]1CC(=O)[C@@]2([C@]1(C)CC(=O)C1=C2C(=O)C[C@@H]2[C@]1(C)CCC(=O)C2(C)C)C)C)C"
"130",1,1130,"COC(=O)C(CC(=O)C[C@H]([C@H]1CC(=O)[C@@]2([C@]1(C)[C@H](OC(=O)C)C(=O)C1=C2C(=O)C[C@@H]2[C@]1(C)CCC(=O)C2(C)C)C)C)C"
"131",1,1131,"COC(=O)C(CC(=O)C[C@H]([C@H]1CC(=O)[C@@]2([C@]1(C)[C@H](O)C(=O)C1=C2[C@@H](O)C[C@@H]2[C@]1(C)CC[C@@H](C2(C)C)O)C)C)C"
"132",1,1132,"COC(=O)C(CC(=O)C[C@H]([C@H]1CC(=O)[C@@]2([C@]1(C)[C@H](OC(=O)C)C(=O)C1=C2C(=O)C[C@@H]2[C@]1(C)CC[C@@H](C2(C)C)O)C)C)C"
"133",1,1133,"COC(=O)C(CC(=O)CC([C@H]1CC(=O)[C@@]2([C@]1(C)CC(=O)C1=C2[C@@H](O)C[C@@H]2[C@]1(C)CC[C@@H](C2(C)C)O)C)(O)C)C"
"134",1,1134,"COC(=O)C(CC(=O)CC(C1CC(C2(C1(C)CC(=O)C1=C2C(=O)CC2C1(C)CCC(=O)C2(C)C)C)O)C)C"
"135",1,1135,"COC(=O)C(CC(=O)C[C@H]([C@H]1C[C@@H]([C@@]2([C@]1(C)CC(=O)C1=C2C(=O)C[C@@H]2[C@]1(C)CC[C@@H](C2(C)C)O)C)O)C)C"
"136",1,1136,"COC(=O)C(CC(=O)/C=C(\C1CC(=O)C2(C1(C)CC(=O)C1=C2C(=O)CC2C1(C)CCC(C2(C)C)O)C)/C)C"
"137",1,1137,"COC(=O)C(CC(=O)/C=C(\C1CC(C2(C1(C)CC(=O)C1=C2C(=O)CC2C1(C)CCC(C2(C)C)O)C)O)/C)C"
"138",1,1138,"CCOC(=O)C(CC(=O)C[C@H]([C@H]1CC(=O)[C@@]2([C@]1(C)[C@H](OC(=O)C)C(=O)C1=C2C(=O)C[C@@H]2[C@]1(C)CCC(=O)C2(C)C)C)C)C"
"139",1,1139,"CCCCOC(=O)[C@@H](CC(=O)C[C@H]([C@H]1C[C@@H]([C@@]2([C@]1(C)CC(=O)C1=C2[C@@H](O)C[C@@H]2[C@]1(C)CCC(=O)C2(C)C)C)O)C)C"
"140",1,1140,"CCCCOC(=O)[C@@H](CC(=O)C[C@H]([C@H]1CC(=O)[C@@]2([C@]1(C)CC(=O)C1=C2[C@@H](O)C[C@@H]2[C@]1(C)CC[C@@H](C2(C)C)O)C)C)C"
"141",1,1141,"CC(=O)OCC([C@@H](OC(=O)C)CC[C@H]([C@H]1CC[C@@]2([C@]1(C)CC=C1C2=CC[C@@H]2[C@]1(C)CC[C@@H](C2(C)C)OC(=O)C)C)C)(O)C"
"142",1,1142,"O=C(C[C@H]([C@H]1C[C@@H]([C@@]2([C@]1(C)[C@H](O)C(=O)C1=C2[C@@H](O)C[C@@H]2[C@]1(C)CC[C@@H](C2(C)C)O)C)O)C)C[C@H](C(=O)O)C"
"143",1,1143,"O=C(CC(C(=O)O)C)C[C@H]([C@H]1CC(=O)[C@@]2([C@]1(C)C(OC(=O)C)C(=O)C1=C2[C@@H](O)C[C@@H]2[C@]1(C)CCC(=O)C2(C)C)C)C"
"144",1,1144,"CC(=O)O[C@H]1C[C@@H]([C@@]2([C@]1(C)C1=C(C(=O)C2)[C@@]2([C@@H](CC1)C(C)(C)C(=O)CC2)C)C)[C@@H](CC/C=C(/C(=O)O)\C)C"
"145",1,1145,"O=C(CC(C(=O)O)C)CC(C1CC(=O)C2(C1(C)CC(=O)C1=C2C(=O)CC2C1(C)CCC(C2(C)C)O)C)C"
"146",1,1146,"O=C(CC(C(=O)O)C)CC(C1CC(C2(C1(C)CC(=O)C1=C2C(=O)CC2C1(C)CCC(=O)C2(C)C)C)O)C"
"147",1,1147,"O=C(C[C@H](C(=O)O)C)C[C@H]([C@H]1C[C@@H]([C@@]2([C@]1(C)CC(=O)C1=C2[C@@H](O)CC2[C@]1(C)CC[C@@H](C2(C)C)O)C)O)C"
"148",1,1148,"O=C(CC(C(=O)O)C)CC(C1CC(=O)C2(C1(C)C(O)C(=O)C1=C2C(O)CC2C1(C)CCC(C2(C)C)O)C)C"
"149",1,1149,"C[C@@H]([C@H]1CC[C@@]2([C@]1(C)CCC1=C2C(=O)C[C@@H]2[C@]1(C)CC[C@@H](C2(C)C)O)C)CC/C=C(/C(=O)O)\C"
"150",1,1150,"COC(=O)C(CC(=O)C[C@H]([C@H]1C[C@@H]([C@@]2([C@]1(C)CC(=O)[C@H]1[C@H]2C(=O)C[C@@H]2[C@]1(C)CCC(=O)C2(C)C)C)O)C)C"
"151",1,1151,"CC(=O)O[C@@H]1C(=O)C2=C([C@]3([C@@]1(C)[C@H](CC3=O)[C@@H](CCC(=O)O)C)C)C(=O)C[C@@H]1[C@]2(C)CCC(=O)C1(C)C"
"152",1,1152,"OC(=O)CC[C@H]([C@H]1CC(=O)[C@@]2([C@]1(C)C(=O)C(=O)C1=C2C(=O)C[C@@H]2[C@]1(C)CCC(=O)C2(C)C)C)C"
"153",1,1153,"CC(=O)O[C@@H]1C(=O)C2=C([C@]3([C@@]1(C)[C@H](CC3=O)[C@@H](CCC(=O)O)C)C)C(=O)C[C@@H]1[C@]2(C)CC[C@@H](C1(C)C)O"
"154",1,1154,"OC(=O)CC[C@H]([C@H]1CC(=O)[C@@]2([C@]1(C)[C@@H](O)C(=O)C1=C2[C@@H](O)C[C@@H]2[C@]1(C)CCC(=O)C2(C)C)C)C"
"155",1,1155,"OC(=O)CC[C@H]([C@H]1CC(=O)[C@@]2([C@]1(C)CC(=O)C1=C2C(=O)C[C@@H]2[C@]1(C)CCC(=O)C2(C)C)C)C"
"156",1,1156,"OC[C@@]1(C)C(=O)CC[C@]2([C@H]1C[C@H](O)C1=C2C(=O)C[C@]2([C@@]1(C)[C@@H](O)C[C@@H]2[C@@H](CCC(=O)O)C)C)C"
"157",1,1157,"OC[C@]1(C)[C@@H](O)CC[C@]2([C@H]1C[C@H](O)C1=C2C(=O)C[C@]2([C@@]1(C)C(=O)C[C@@H]2[C@@H](CCC(=O)O)C)C)C"
"158",1,1158,"OC[C@]1(C)[C@@H](O)CC[C@]2([C@H]1CC(=O)C1=C2C(=O)C[C@]2([C@@]1(C)C(=O)C[C@@H]2[C@@H](CCC(=O)O)C)C)C"
"159",1,1159,"OC[C@]1(C)[C@@H](O)CC[C@]2([C@H]1CC(=O)C1=C2C(=O)[C@H]([C@]2([C@@]1(C)C(=O)C[C@@H]2[C@@H](CCC(=O)O)C)C)O)C"
"160",1,1160,"OC(=O)CC[C@H]([C@H]1CC(=O)[C@@]2([C@]1(C)[C@@H](O)C(=O)C1=C2C(=O)C[C@@H]2[C@]1(C)CCC(=O)C2(C)C)C)C"
"161",1,1161,"OC(=O)CC[C@H]([C@H]1CC(=O)[C@@]2([C@]1(C)[C@H](O)C(=O)C1=C2C(=O)C[C@@H]2[C@]1(C)CC[C@@H](C2(C)C)O)C)C"
"162",1,1162,"OC(=O)CCC(C1CC(C2(C1(C)CC(=O)C1=C2C(O)CC2C1(C)CCC(C2(C)C)O)C)O)C"
"163",1,1163,"OC[C@]1(C)[C@@H](O)CC[C@]2([C@H]1C[C@H](O)C1=C2C(=O)C[C@]2([C@@]1(C)[C@@H](O)C[C@@H]2C(=C)CCC(=O)O)C)C"
"164",1,1164,"CC(=O)O[C@@H]1C(=O)C2=C([C@]3([C@@]1(C)[C@H](CC3=O)[C@@H](CCC(=O)O)C)C)[C@@H](O)C[C@@H]1[C@]2(C)CC[C@@H](C1(C)C)O"
"165",1,1165,"OC(=O)CC[C@H]([C@H]1CC(=O)[C@@]2([C@]1(C)CC(=O)C1=C2[C@@H](O)C[C@@H]2[C@]1(C)CC[C@@H](C2(C)C)O)C)C"
"166",1,1166,"OC(=O)CCC(=C)[C@H]1CC(=O)[C@@]2([C@]1(C)CC(=O)C1=C2[C@@H](O)C[C@@H]2[C@]1(C)CCC(=O)C2(C)C)C"
"167",1,1167,"OC(=O)CCC(=C)[C@H]1CC(=O)[C@@]2([C@]1(C)CC(=O)C1=C2[C@@H](O)C[C@@H]2[C@]1(C)CC[C@@H](C2(C)C)O)C"
"168",1,1168,"OC(=O)CCC([C@H]1CC(=O)[C@@]2([C@]1(C)CC(=O)C1=C2[C@@H](O)C[C@@H]2[C@]1(C)CCC(=O)C2(C)C)C)(O)C"
"169",1,1169,"CC(=O)O[C@@H]1C(=O)C2=C([C@]3([C@@]1(C)[C@H](CC3=O)C(CCC(=O)O)(O)C)C)C(=O)C[C@@H]1[C@]2(C)CCC(=O)C1(C)C"
"170",1,1170,"CC(=O)O[C@@H]1C(=O)C2=C([C@]3([C@@]1(C)[C@H](CC3=O)C(CCC(=O)O)(O)C)C)C(=O)C[C@@H]1[C@]2(C)CC[C@@H](C1(C)C)O"
"171",1,1171,"OC(=O)CCC([C@H]1CC(=O)[C@@]2([C@]1(C)CC(=O)C1=C2C(=O)C[C@@H]2[C@]1(C)CCC(=O)C2(C)C)C)(O)C"
"172",1,1172,"OC(=O)CCC([C@H]1CC(=O)[C@@]2([C@]1(C)CC(=O)C1=C2[C@@H](O)C[C@@H]2[C@]1(C)CC[C@@H](C2(C)C)O)C)(O)C"
"173",1,1173,"CC(=O)O[C@@H]1C(=O)C2=C([C@]3([C@@]1(C)[C@H](CC3=O)C(CCC(=O)O)(O)C)C)[C@@H](O)C[C@@H]1[C@]2(C)CC[C@@H](C1(C)C)O"
"174",1,1174,"OCC1(CCC(=O)O1)[C@H]1C[C@@H]([C@@]2([C@]1(C)CC(=O)C1=C2[C@@H](O)C[C@@H]2[C@]1(C)CC[C@@H](C2(C)C)O)C)O"
"175",1,1175,"O=C/C(=C/CC[C@H]([C@H]1CC[C@@]2([C@]1(C)CC=C1C2=CC[C@@H]2[C@]1(C)CC[C@@H](C2(C)C)O)C)C)/C"
"176",1,1176,"O=C/C(=C/CC[C@H]([C@H]1CC[C@@]2([C@]1(C)CC(=O)C1=C2C(=O)C[C@@H]2[C@]1(C)CCC(=O)C2(C)C)C)C)/C"
"177",1,1177,"OCC1(C)C(O)CCC2(C1CCC1=C2C(=O)CC2(C1(C)C(O)CC2C(CC(=O)CC(C(=O)O)C)C)C)C"
"178",1,1178,"O=C(C[C@H]([C@H]1CC(=O)[C@@]2([C@]1(C)C(=O)C(=O)C1=C2C(=O)C[C@@H]2[C@]1(C)CCC(=O)C2(C)C)C)C)C[C@H](C(=O)O)C"
"179",1,1179,"O[C@H]([C@H]([C@H]1C[C@@H]([C@@]2([C@]1(C)CC=C1C2=CC[C@@H]2[C@]1(C)CC[C@H](C2(C)C)O)C)O)C)C/C=C(/C(=O)O)\C"
"180",1,1180,"COC(=O)CC[C@H]([C@H]1CC(=O)[C@@]2([C@]1(C)CC(=O)C1=C2[C@@H](O)C[C@@H]2[C@]1(C)CCC(=O)C2(C)C)C)C"
"181",1,1181,"COC(=O)CC[C@H]([C@H]1CC(=O)[C@@]2([C@]1(C)[C@H](O)C(=O)C1=C2[C@@H](O)C[C@@H]2[C@]1(C)CC[C@@H](C2(C)C)O)C)C"
"182",1,1182,"COC(=O)CC[C@H]([C@H]1CC(=O)[C@@]2([C@]1(C)[C@H](OC(=O)C)C(=O)C1=C2C(=O)C[C@@H]2[C@]1(C)CCC(=O)C2(C)C)C)C"
"183",1,1183,"COC(=O)CC[C@H]([C@H]1CC(=O)[C@@]2([C@]1(C)[C@H](OC(=O)C)C(=O)C1=C2C(=O)C[C@@H]2[C@]1(C)CC[C@@H](C2(C)C)O)C)C"
"184",1,1184,"COC(=O)CC[C@H]([C@H]1CC(=O)[C@@]2([C@]1(C)CC(=O)C1=C2C(=O)C[C@@H]2[C@]1(C)CCC(=O)C2(C)C)C)C"
"185",1,1185,"COC(=O)CC[C@H]([C@H]1CC(=O)[C@@]2([C@]1(C)[C@H](O)C(=O)C1=C2C(=O)C[C@@H]2[C@]1(C)CC[C@@H](C2(C)C)O)C)C"
"186",1,1186,"COC(=O)CC[C@H]([C@H]1CC(=O)[C@@]2([C@]1(C)CC(=O)C1=C2[C@@H](O)C[C@@H]2[C@]1(C)CC[C@@H](C2(C)C)O)C)C"
"187",1,1187,"COC(=O)CC[C@H]([C@H]1CC(=O)[C@@]2([C@]1(C)[C@H](OC(=O)C)C(=O)C1=C2[C@@H](O)C[C@@H]2[C@]1(C)CC[C@@H](C2(C)C)O)C)C"
"188",1,1188,"COC(=O)CC[C@H]([C@H]1C[C@@H]([C@@]2([C@]1(C)CC(=O)C1=C2[C@@H](O)C[C@@H]2[C@]1(C)CCC(=O)C2(C)C)C)O)C"
"189",1,1189,"COC(=O)/C(=C/C(CC(C1CC(C2(C1(C)CC(=O)C1=C2CCC2C1(C)CCC(=O)C2(C)C)C)O)C)O)/C"
"190",1,1190,"COC(=O)CCC(=C)[C@H]1CC(=O)[C@@]2([C@]1(C)CC(=O)C1=C2[C@@H](O)C[C@@H]2[C@]1(C)CCC(=O)C2(C)C)C"
"191",1,1191,"CCCCOC(=O)CC[C@H]([C@H]1CC(=O)[C@@]2([C@]1(C)CC(=O)C1=C2[C@@H](O)C[C@@H]2[C@]1(C)CCC(=O)C2(C)C)C)C"
"192",1,1192,"CCCCOC(=O)CC[C@H]([C@H]1CC(=O)[C@@]2([C@]1(C)[C@H](O)C(=O)C1=C2[C@@H](O)C[C@@H]2[C@]1(C)CCC(=O)C2(C)C)C)C"
"193",1,1193,"CCCCOC(=O)CC[C@H]([C@H]1CC(=O)[C@@]2([C@]1(C)CC(=O)C1=C2[C@@H](O)C[C@@H]2[C@]1(C)CC[C@@H](C2(C)C)O)C)C"
"194",1,1194,"OCC(=CCC[C@H]([C@H]1CC[C@@]2([C@]1(C)CC=C1C2=CC[C@@H]2[C@]1(C)CC[C@@H](C2(C)C)O)C)C)CO"
"195",1,1195,"C[C@@H]([C@H]1CC[C@@]2([C@]1(C)CC=C1C2=CC[C@@H]2[C@]1(C)CCC(=O)C2(C)C)C)CC[C@@H](C(O)(C)C)O"
"196",1,1196,"O=C(C[C@H](C(=O)O)C)C[C@H]([C@H]1CC(=O)[C@@]2([C@]1(C)CC(=O)[C@H]1[C@H]2C(=O)C[C@@H]2[C@]1(C)CCC(=O)C2(C)C)C)C"
"197",1,1197,"O=C(CC(C(=O)O)C)C[C@H]([C@H]1C[C@@H]([C@@]2([C@]1(C)CC(=O)[C@H]1[C@H]2C(=O)C[C@@H]2[C@]1(C)CCC(=O)C2(C)C)C)O)C"
"198",1,1198,"O=C1CC[C@@](O1)(C)[C@H]1CC(=O)[C@@]2([C@]1(C)CC(=O)C1=C2[C@@H](O)C[C@@H]2[C@]1(C)CCC(=O)C2(C)C)C"
"199",1,1199,"O=C1CC[C@](O1)(C)[C@H]1CC(=O)[C@@]2([C@]1(C)CC(=O)C1=C2[C@@H](O)C[C@@H]2[C@]1(C)CC[C@@H](C2(C)C)O)C"
"200",1,1200,"CC1CC2(OC1=O)CC(C1C2C(=O)C2(C1(C)C(O)C(=O)C1=C2C(O)CC2C1(C)CCC(=O)C2(C)C)C)C"
"201",1,1201,"CC1CC2(OC1=O)CC(C1C2C(=O)C2(C1(C)C(O)C(=O)C1=C2C(O)CC2C1(C)CCC(C2(C)C)O)C)C"
"202",1,1202,"CC(C(=O)O)Cc1occc1C1CC(C2(C1(C)CC(=O)C1=C2C(=O)CC2C1(C)CCC(=O)C2(C)C)C)O"
"203",1,1203,"OC[C@]1(C)O[C@H]1CC[C@H]([C@H]1CC[C@@]2([C@]1(C)CCC1=C2[C@H](O)C[C@@H]2[C@]1(C)CCC(=O)C2(C)C)C)C"
"204",1,1204,"OC[C@]1(C)O[C@H]1CC[C@H]([C@H]1CC[C@@]2([C@]1(C)CC=C1C2=CC[C@@H]2[C@]1(C)CCC(=O)C2(C)C)C)C"
"205",1,1205,"OC[C@]1(C)O[C@H]1CC[C@H]([C@H]1CC[C@@]2([C@]1(C)CC=C1C2=CC[C@@H]2[C@]1(C)CC[C@@H](C2(C)C)O)C)C"
"206",1,1206,"O=C/C(=C\CC[C@H]([C@H]1C[C@@H]([C@@]2([C@]1(C)CC=C1C2=CC[C@@H]2[C@]1(C)CCC(=O)C2(C)C)C)O)C)/C"
"207",1,1207,"CC(=O)O[C@H]1C[C@@H]([C@@]2([C@]1(C)C1=CC[C@@H]3[C@](C1=CC2)(C)CC[C@H](C3(C)C)OC(=O)C)C)[C@@H]([C@@H](OC(=O)C)C/C=C(/C(=O)N)\C)C"
"208",1,1208,"OC/C(=C/CC[C@H]([C@H]1CC[C@@]2([C@]1(C)CCC1=C2C(=O)C[C@@H]2[C@]1(C)CCC(=O)C2(C)C)C)C)/C"
"209",1,1209,"OCC1(C)OC1CC[C@H]([C@H]1CC[C@@]2([C@]1(C)CCC1=C2C(=O)C[C@@H]2[C@]1(C)CCC(=O)C2(C)C)C)C"
"210",1,1210,"C[C@@H]([C@H]1CC[C@@]2([C@]1(C)CCC1=C2C(=O)C[C@@H]2[C@]1(C)CCC(=O)C2(C)C)C)CC[C@@H](C(O)(C)C)O"
"211",1,1211,"C[C@@H]([C@H]1CC[C@@]2([C@]1(C)CC=C1C2=CC[C@@H]2[C@]1(C)CC[C@@H](C2(C)C)O)C)CC[C@@H](C(O)(C)C)O"
"212",1,1212,"OC(=O)CC(C(=O)O)O"
"213",1,1213,"OC(=O)c1ccc(c(c1)O)O"
"214",1,1214,"OC(=O)c1cc(O)c(c(c1)O)O"
"215",1,1215,"Oc1ccc(cc1)c1oc2cc(O)cc(c2c(=O)c1O)O"
"216",1,1216,"COc1cc(ccc1O)c1oc2cc(O)cc(c2c(=O)c1O)O"
"217",1,1217,"COc1cc(/C=C/C(=O)O)cc(c1O)OC"
"218",1,1218,"O[C@@H]1CC(=C[C@H]([C@H]1O)O)C(=O)O"
"219",1,1219,"OC(=O)/C=C/c1ccc(c(c1)O)O"
"220",1,2001,"OC[C@@H]1C[C@H]([C@@H](O1)n1cnc2c1ncnc2N)O"
"221",1,2002,"OC[C@H]1O[C@H]([C@@H]([C@@H]1O)O)n1cnc2c1ncnc2N"
"222",1,2003,"OC[C@H]([C@H]([C@@H]([C@@H](CO)O)O)O)O"
"223",1,2004,"OC[C@H]1O[C@@H](O[C@@H]2[C@@H](CO)O[C@@H]([C@@H]([C@H]2O)O)O)[C@@H]([C@H]([C@@H]1O[C@@H]1O[C@H](CO)[C@H]([C@@H]([C@H]1O)O)O)O)O"
"224",1,2005,"Oc1ccc(cc1)C(=O)N[C@@H]1CNCCC[C@H]1OC(=O)c1cc(O)c(c(c1)O)C(=O)c1c(O)cccc1C(=O)O"
"225",1,2006,"OC(=O)[C@H](Cc1c[nH]c2c1cccc2)N"
"226",1,2007,"CC(=O)OC[C@@H](NC(=O)[C@@H](NC(=O)c1ccccc1)Cc1ccc(cc1)O)Cc1ccccc1"
"227",1,2008,"CC(=O)OC[C@@H](NC(=O)[C@@H](NC(=O)c1ccccc1)Cc1ccc(cc1)O)Cc1ccc(cc1)O"
"228",1,2009,"O[C@H]1CC[C@]2(C(=CC(=O)C3=C4[C@@](CC[C@H]23)(C)[C@H](CC4)[C@@H](/C=C/[C@@H](C(C)C)C)C)C1)C"
"229",1,2010,"CC[C@@H]([C@@H]1NC(=O)[C@@H](NC1=O)CC(=O)N)C"
"230",1,2011,"OC[C@H]1O[C@@H](O[C@H]2CC[C@]3(C(=CC=C4[C@@H]3CC[C@]3([C@H]4CC[C@@H]3[C@@H](/C=C/[C@@H](C(C)C)C)C)C)C2)C)[C@@H]([C@H]([C@@H]1O)O)O"
"231",1,2012,"OC[C@H]1O[C@@H](O[C@H]2CC[C@]3(C(=CC=C4[C@@H]3CC[C@]3([C@H]4CC[C@@H]3[C@@H](CC[C@@H](C(C)C)C)C)C)C2)C)[C@@H]([C@H]([C@@H]1O)O)O"
"232",1,2013,"OC[C@H]1O[C@@H](O[C@H]2CC[C@]3([C@@]4(C2)OO[C@@]2([C@@H]3CC[C@]3([C@H]2CC[C@@H]3[C@@H](/C=C/[C@@H](C(C)C)C)C)C)C=C4)C)[C@@H]([C@H]([C@@H]1O)O)O"
"233",1,2014,"O[C@H]1CC[C@]2([C@@]3(C1)O[C@H]3C=C1[C@@H]2CC[C@]2([C@H]1CC[C@@H]2[C@@H](/C=C/[C@@H](C(C)C)C)C)C)C"
"234",1,2015,"CC(C[C@@H]1NC(=O)[C@H]2N(C1=O)[C@H](O)CC2)C"
"235",1,2016,"CO[C@@H]1[C@H](O)[C@H](O[C@H]1n1cnc2c1ncnc2N)CO"
"236",1,2017,"C[C@H](c1nccc2c1[nH]c1c2cccc1)O"
"237",1,2018,"C[C@@H](c1nccc2c1[nH]c1c2cccc1)O"
"238",1,2019,"OC[C@@H](Cc1nccc2c1[nH]c1c2cccc1)O"
"239",1,2020,"CC(=O)OC[C@H]1O[C@@H](O[C@H]2CC[C@]3(C(=CC=C4[C@@H]3CC[C@]3([C@H]4CC[C@@H]3[C@@H](/C=C/[C@@H](C(C)C)C)C)C)C2)C)[C@@H]([C@H]([C@@H]1OC(=O)C)OC(=O)C)OC(=O)C"
"240",1,2021,"O=C1C[C@H]2S[C@@]34C[C@@H]1[C@@H]([C@H]2O)N3C(=O)[C@]12N(C4=O)[C@@H]3[C@@H](O)[C@H]([C@H](S1)C(=O)[C@@H]3C2)O"
"241",1,2022,"O[C@@H]1C[C@H]2S[C@@]34C[C@@H]1[C@@H]([C@H]2O)N3C(=O)C12N(C4=O)[C@@H]3[C@@H](O)[C@H](SS1)CC(=O)[C@@H]3C2"
"242",1,2023,"CS[C@@]12C[C@@H]3[C@H](N1C(=O)[C@]1(N(C2=O)[C@@H]2[C@@H](O)CCC(=O)[C@@H]2C1)SC)[C@@H](O)CCC3=O"
"243",1,2024,"CS[C@@]12C[C@@H]3[C@H](N1C(=O)[C@]1(N(C2=O)[C@H]2[C@@H](C1)C(=O)C[C@@H]([C@@H]2O)O)SC)[C@@H](O)[C@H](CC3=O)O"
"244",1,2025,"O=C1N[C@@H](Cc2ccccc2)C(=O)N(/C/1=C\c1ccccc1)C"
"245",1,2026,"Oc1ccc(cc1)/C=C\1/C(=O)N[C@H](C(=O)N1C)Cc1ccccc1"
"246",1,2027,"O=C1C[C@H]2S[C@@]34C[C@@H]1[C@@H]([C@H]2O)N3C(=O)[C@]12N(C4=O)[C@@H]3[C@@H](O)[C@H](SS1)CC(=O)[C@@H]3C2"
"247",1,2028,"O=C1C[C@@H]2SS[C@@]34C[C@@H]1[C@@H]([C@H]2O)N3C(=O)[C@]12N(C4=O)[C@@H]3[C@@H](O)[C@H]([C@@H](S1)C(=O)[C@@H]3C2)O"
"248",1,2029,"O=C1C[C@H]2SSC34C[C@@H]1[C@@H]([C@H]2O)N3C(=O)C12N(C4=O)[C@H]3[C@@H](C2)C(=O)C[C@H]([C@@H]3O)SS1"
"249",1,2030,"O=C1C[C@H]2S[C@@]34C[C@@H]1[C@@H]([C@H]2O)N3C(=O)[C@]12N(C4=O)[C@H]3[C@@H](C2)C(=O)C[C@@H](S1)[C@@H]3O"
"250",1,2031,"NO"
"251",1,2032,"OCC(CO)O"
"252",1,2033,"NC(=O)CCCCC(=O)N"
"253",1,2034,"Oc1c(O)cccc1O"
"254",1,2035,"C1CCCCCCCCCCC1"
"255",1,2036,"OC(=O)c1cnc[nH]1"
"256",1,2037,"Oc1cc(O)cc(c1)O"
"257",1,2038,"CCCC1C(=O)CCCC1=O"
"258",1,2039,"CCCCCCCCCCCCCOC(=O)C=C"
"259",1,2040,"CCCCCCCCCC(=O)O"
"260",1,2041,"CCCC/C=C\CC[C@H](CC)C"
"261",1,2042,"NC(=O)NCCC[C@@H](C(=O)O)N"
"262",1,2043,"O=C1CNC(=O)[C@H]2N1CCC2"
"263",1,22001,"O=C(/C=C/c1ccc(c(c1)O)O)OC[C@H]1O[C@H](O)[C@@H]([C@@H]([C@H]1O)O)O"
"264",1,22002,"OC(=O)C(CC(=O)O)(CC(=O)O)O"
"265",1,22003,"Oc1ccc(cc1)C(=O)O"
"266",1,22004,"OC[C@H]1O[C@@H](Oc2cc(ccc2O)C(=O)O)[C@@H]([C@H]([C@@H]1O)O)O"
"267",1,22005,"COc1cc(/C=C/C(=O)O)cc(c1OC[C@H]1O[C@H](O)[C@@H]([C@H]([C@@H]1O)O)O)OC"
"268",1,22006,"O=C(O[C@@H]1C[C@@](O)(C[C@H]([C@H]1O)O)C(=O)O)/C=C/c1ccc(c(c1)O)O"
"269",1,22007,"OC(=O)/C=C/c1ccc(cc1)O"
"270",1,22008,"Oc1ccc(c(c1)C(=O)O)O"
"271",1,22009,"OC(=O)Cc1cc(O)ccc1O"
"272",1,22010,"Oc1cc(O)c2c(c1)oc(c(c2=O)O)c1cc(O)c(c(c1)O)O"
"273",1,22011,"OC[C@H]([C@@H]1OC(=O)C(=C1O)O)O"
"274",1,22012,"OC(=O)C(=O)O"
"275",1,22013,"OC(=O)CCC(=O)O"
"276",1,22014,"OC(=O)/C=C\C(=O)O"
"277",1,22015,"C[C@@H](CCC[C@]1(C)CCc2c(O1)c(C)c(c(c2C)O)C)CCC[C@@H](CCCC(C)C)C"
"278",1,22016,"C[C@H](CCC[C@@H](CCCC(C)C)C)CCC[C@]1(C)CCc2c(O1)c(C)cc(c2C)O"
"279",1,22017,"C[C@H](CCC[C@@H](CCCC(C)C)C)CCC[C@]1(C)CCc2c(O1)c(C)c(c(c2)O)C"
"280",1,22018,"C/C(=C\C=C\C=C(\C=C\C=C(\C=C\C1=C(C)CCCC1(C)C)/C)/C)/C=C/C=C(/C=C/C1=C(C)CCCC1(C)C)\C"
"281",1,22019,"C/C(=C\C=C\C=C(\C=C\C=C(\C=C\C=C(\CCC=C(C)C)/C)/C)/C)/C=C/C=C(/C=C/C=C(/CCC=C(C)C)\C)\C"
"282",1,22020,"CN(C)C"
"283",1,22021,"O=CCC(C)C"
"284",1,22022,"CCCCCC=O"
"285",1,22023,"CCCCCCC=O"
"286",1,22024,"CCCCCCCC=O"
"287",1,22025,"CCCCCC(=O)C=C"
"288",1,22026,"Cc1ncc(nc1)C"
"289",1,22027,"Cc1cncc(n1)C"
"290",1,22028,"Cc1nccnc1C"
"291",1,22029,"CCCC[C@@H](C=C)O"
"292",1,22030,"CCc1cncc(n1)C"
"293",1,22031,"Cc1cnc(c(n1)C)C"
"294",1,22032,"C/C=C/C=C/C=O"
"295",1,22033,"CCCCC/C=C/C=O"
"296",1,22034,"CCCCC[C@@H](C=C)O"
"297",1,22035,"CCc1nc(C)cnc1C"
"298",1,22036,"CSCCC=O"
"299",1,22037,"CCc1ncc(nc1C)C"
"300",1,22038,"CC(=O)O"
"301",1,22039,"CCc1nc(C)cnc1CC"
"302",1,22040,"CCCCCC/C=C/C=O"
"303",1,22041,"CCC(=O)O"
"304",1,22042,"C=C[C@@](CCC=C(C)C)(O)C"
"305",1,22043,"CCCCCCCCO"
"306",1,22044,"CC(C(=O)O)C"
"307",1,22045,"CCCCCCCCCC(=O)C"
"308",1,22046,"CCCCC/C=C/CO"
"309",1,22047,"CCCC(=O)O"
"310",1,22048,"O=CCc1ccccc1"
"311",1,22049,"COc1ccc(cc1)CC=C"
"312",1,22050,"CC(CC(=O)O)C"
"313",1,22051,"CCCC/C=C/C=C/C=O"
"314",1,22052,"CSCCCO"
"315",1,22053,"CC(Oc1ccccc1O)C"
"316",1,22054,"CCCCC/C=C/C=C/C=O"
"317",1,22055,"CCCCCC(=O)O"
"318",1,22056,"COc1ccccc1O"
"319",1,22057,"COc1cc(C)ccc1O"
"320",1,22058,"CCc1ccc(c(c1)OC)O"
"321",1,22059,"C[C@H]1OC(=C(C1=O)O)C"
"322",1,22060,"Cc1cccc(c1)O"
"323",1,22061,"CCCc1ccc(c(c1)OC)O"
"324",1,22062,"CCc1cccc(c1)O"
"325",1,22063,"COc1cccc(c1O)OC"
"326",1,22064,"Cc1c[nH]c2c1cccc2"
"327",1,22065,"CCCCCCCCCCCCCCCC(=O)O"
"328",1,22066,"CCCCCCCCCCCCCCCCCC(=O)O"
"329",1,22067,"CCCCCCCC/C=C\CCCCCCCC(=O)O"
"330",1,22068,"CCCCC/C=C\C/C=C\CCCCCCCC(=O)O"
"331",1,22069,"CC/C=C\C/C=C\C/C=C\CCCCCCCC(=O)O"
"332",1,3001,"OC[C@H]1O[C@@H](O)[C@@H]([C@H]([C@@H]1O)O[C@@H]1O[C@H](CO[C@@H]2O[C@H](CO)[C@H]([C@@H]([C@H]2O)O)O)[C@H]([C@@H]([C@H]1O)O[C@@H]1O[C@H](CO)[C@H]([C@@H]([C@H]1O)O)O)O)O"
"333",1,3002,"CCOP(=S)(Oc1nc(Cl)c(cc1Cl)Cl)OCC"
"334",1,3003,"CC[C@@H](C(=O)O[C@H]1CCC=C2[C@H]1[C@@H](CC[C@@H]1C[C@@H](O)CC(=O)O1)[C@H](C=C2)C)C"
"335",1,3004,"Oc1ccccc1"
"336",1,3005,"CN1CCN(CC1)S(=O)(=O)c1ccc(c2c1nsn2)Br"
"337",1,3006,"Oc1ccccc1O"
"338",1,3007,"O=C1OCC[C@@](C1)(O)C([2H])([2H])[2H]"
"339",1,3008,"c1ccc2c(c1)[nH]cc2"
"340",1,3009,"CC(=O)n1ccc2c1cccc2"
"341",1,3010,"c1cnc2c(c1)CCC2"
"342",1,3011,"O=Cc1ccccc1"
"343",1,3012,"N/C=N/[C@H](C(=O)O)CCC(=O)O"
"344",1,3013,"C[C@H]1C[C@@H](NC1)C(=O)O"
"345",1,3014,"NC(=O)c1cccnc1"
"346",1,3015,"NC(=O)c1ccncc1"
"347",1,3016,"OCCc1ccc(cc1)O"
"348",1,3017,"CCC(c1cccc(c1O)C(CC)C)C"
"349",1,3018,"CCOC(=O)C(CC(=O)OCC)(CC(=O)OCC)O"
"350",1,3019,"CCCCCCCCCCCCC(=O)O"
"351",1,3020,"CCCCCC=CCC=CCCCCCCCC(=O)O"
"352",1,3021,"CCCCC(COC(=O)CCCCCCCCC(=O)OCC(CCCC)CC)CC"
"353",1,3022,"Cc1ccc(c(c1)C)C"
"354",1,3023,"Cc1ccccc1C"
"355",1,3024,"CCc1cc(C)ccc1C"
"356",1,3025,"Cc1cc(C)c(cc1C)C"
"357",1,3026,"CC1=CC=C(CC1)C(=C)C"
"358",1,3027,"c1ccc2c(cc1)ccc2"
"359",1,3028,"c1ccc2c(c1)cccc2"
"360",1,3029,"CCCCCCCCCCC"
"361",1,3030,"CCCCCCC(C)C"
"362",1,3031,"CCCCCCCCCCCCC"
"363",1,3032,"CCc1ccccc1O"
"364",1,3033,"CCCCCCCCCCCCCCC(=O)OC"
"365",1,3034,"CCCCC[C@H](CCCCCCCC(=O)OC)C"
"366",1,3035,"CCCCCCCCCCCCCCCCC=C"
"367",1,3036,"CCCCCCCCCCCCCCCC(=O)OC"
"368",1,3037,"C1CCCCCCCCCCCCCCCCCCC1"
"369",1,3038,"CCCCC/C=C\C/C=C\CCCCCCCC(=O)OCC"
"370",1,3039,"CCCCCCCCCCCC(=O)N"
"371",1,3040,"CCCCCCCCCCCCCCCC(=O)N"
"372",1,3041,"CCCCCCCC/C=C\CCCCCCCC(=O)N"
"373",1,3042,"Cc1c(C)cccc1C"
"374",1,4001,"COc1cc2C(=O)OCc2c(c1C/C=C(/CC(=O)C=C(C)C)\C)O"
"375",1,4002,"COc1cc2C(=O)N(Cc2c(c1C/C=C(/CC(=O)C=C(C)C)\C)O)CCc1ccccc1"
"376",1,4003,"CCCCCCCCCCCCCCCC(=O)OCc1cc(OC)c(c(c1C=O)O)C/C=C(/CC(=O)C=C(C)C)\C"
"377",1,4004,"CCCCCCCCCCCCCCCCCC(=O)OCc1cc(OC)c(c(c1C=O)O)C/C=C(/CC(=O)C=C(C)C)\C"
"378",1,4005,"CCCCC/C=C/C/C=C/CCCCCCCC(=O)OCc1cc(OC)c(c(c1C=O)O)C/C=C(/CC(=O)C=C(C)C)\C"
"379",1,4006,"CCCCCCCCCCCCCCCC(=O)OCc1cc(OC)c2c(c1C=O)OC(CC2)(C)CC(=O)C=C(C)C"
"380",1,4007,"CCCCCCCCCCCCCCCCCC(=O)OCc1cc(OC)c2c(c1C=O)OC(CC2)(C)CC(=O)C=C(C)C"
"381",1,4008,"CCCCC/C=C/C/C=C/CCCCCCCC(=O)OCc1cc(OC)c2c(c1C=O)OC(CC2)(C)CC(=O)C=C(C)C"
"382",1,4009,"CCCCCCCCCCCCCCCC(=O)OCc1cc(OC)c(c(c1C=O)O)C/C=C(/CCC=C(C)C)\C"
"383",1,4010,"CCCCCCCC/C=C\CCCCCCCC(=O)OCc1cc(OC)c(c(c1C=O)O)C/C=C(/CCC=C(C)C)\C"
"384",1,4011,"CCCCCCCCCCCCCCCCCC(=O)OCc1cc(OC)c(c(c1C=O)O)C/C=C(/CCC=C(C)C)\C"
"385",1,4012,"OCCN1Cc2c(C1=O)cc(c(c2O)C/C=C(/CCC=C(C)C)\C)OC"
"386",1,4013,"COc1cc2C(=O)N(Cc2c2c1CC[C@@](O2)(C)CC(=O)C=C(C)C)CCc1ccccc1"
"387",1,4014,"COc1cc2C(=O)OCc2c(c1C/C=C(/C[C@@H](C=C(C)C)O)\C)O"
"388",1,4015,"CCCCCCCCCCCCCCCC(=O)OCc1cc(OC)c2c(c1C=O)O[C@@]([C@H](C2)O)(C)CC(=O)C=C(C)C"
"389",1,4016,"COc1cc2C(=O)OCc2c2c1CCC(O2)(C)CC(=O)C=C(C)C"
"390",1,4017,"COc1cc2COC(=O)c2c(c1C/C=C(/CCC=C(C)C)\C)O"
"391",1,4018,"O=CC1=CCC2C(C3C1OC1C(O3)OCC(C1O)O)(C)CCC1(C2=C(CC1)C(C)C)C"
"392",1,4019,"O=CC1=CC[C@H]2[C@@]([C@@H]3[C@@H]1O[C@H]1C(O3)OC[C@H]([C@@H]1O)O)(C)CC[C@@]1(C2=C(CC1)C(C)C)C"
"393",1,4020,"OCC1=CC[C@H]2[C@@]([C@@H]3[C@@H]1O[C@H]1[C@H](O3)OC[C@H]([C@@H]1O)O)(C)CC[C@@]1(C2=C(CC1)C(C)C)C"
"394",1,4021,"CCOC1CC2C3=C(CCC3(C)CCC2(C(C=C1C=O)OC1OCC(C(C1O)O)O)C)C(C)C"
"395",1,4022,"CC(C1=C2[C@H]3CC=C4[C@@H]5[C@@H]([C@]3(C)CC[C@]2(CC1)C)O[C@H]1[C@]5(O)[C@H]([C@]([C@@H]4O)(O)CO1)O)C"
"396",1,4023,"CC(C1=C2[C@H]3CC=C4[C@@H]5[C@@H]([C@]3(C)CC[C@]2(CC1)C)O[C@@H]1[C@@]5(O)[C@@H]([C@@]([C@H]4O)(O)CO1)O)C"
"397",1,4024,"CC(C(=O)CC[C@]1(C)CC[C@@]2([C@@H](C1=O)CC=C1[C@@H]3[C@@H]2O[C@H]2[C@]3(O)[C@H]([C@@]([C@@H]1O)(CO2)O)O)C)C"
"398",1,4025,"O[C@H]1[C@H](O)CO[C@H]([C@@H]1O)O[C@H]1CC(=CC=C2[C@@]1(C)CC[C@@]1(C2=C(CC1)C(C)C)C)C(=O)O"
"399",1,4026,"CC(=O)OCC1=C[C@]2(O[C@@H]1C[C@H]1[C@@]2(C)CC[C@@]2(C1=C(CC2)C(C)C)C)O"
"400",1,4027,"O=CC1=C[C@H](O[C@@H]2OC[C@H]([C@@H]([C@H]2O)O)O)[C@]2([C@H](C[C@H]1OC(=O)C)C1=C(CC[C@@]1(CC2)C)C(C)C)C"
"401",1,4028,"OCC1=C[C@H](O[C@@H]2OC[C@H]([C@@H]([C@H]2O)O)O)[C@]2([C@H](C[C@H]1OC(=O)C)C1=C(CC[C@@]1(CC2)C)C(C)C)C"
"402",1,4029,"O=C(C(C)C)CC[C@]1(C)CC[C@@]2([C@@H](C1=O)CC[C@H]1[C@@H]3[C@@H]2O[C@H]2[C@]3(O)[C@@H](O[C@@H]1O)[C@@H](CO2)O)C"
"403",1,4030,"CC(=O)OCC1=C[C@H](O[C@@H]2OC[C@H]([C@@H]([C@H]2O)O)O)[C@]2([C@H](C[C@@H]1O)C1=C(CC[C@@]1(CC2)C)C(C)C)C"
"404",1,4031,"O=CC1=C[C@H](O[C@@H]2OC[C@H]([C@@H]([C@H]2O)O)O)[C@]2([C@H](C[C@H]1OC(=O)C)C1=C(CC[C@@]1(C(=O)C2)C)C(C)C)C"
"405",1,4032,"CC1=C[C@H](O)[C@]2([C@H](CC1)C1=C(CC[C@@]1(CC2)C)C(C)C)C"
"406",1,5002,"O=CC=CCCCCCCC(=O)O"
"407",1,5003,"COc1cc(/C=C/C(=O)O)ccc1O"
"408",1,5004,"COc1ccc(cc1)Cl"
"409",1,5005,"OC(=O)Cc1ccccc1"
"410",1,5006,"BrCCCCCCCCCCCCCCCCCCCCCCCCCCCCCCCCCCCCCCCCCCCCCCCCCCCCCCBr"
"411",1,5007,"CCCCCCCCCCCCCCCCCCCCCCCCCCC"
"412",1,5008,"CCCCCCCCCCCCCCCC"
"413",1,5009,"CCCCCCCCCCCCCCCCCCCCCCCCCCCCCCCCCCCC"
"414",1,5010,"CCCCCCCCCCCC"
"415",1,5011,"CCCCCCCCCCCCCCCCCCCCCC"
"416",1,5012,"CCCCCCCCCCCCCCC"
"417",1,5013,"CCCCCCCCCCCCCCCCCCCCCC(CC)CC"
"418",1,5014,"CCCCCCCCC(CCCCCCCC)CCCCCCCC"
"419",1,5015,"CCCCCCCCCCCCCCCCCCCCCCCCCCCCCC"
"420",1,5016,"CCCCCCCCCCCCCCCCCCCCCCCCCCCCCCCCCC"
"421",1,5017,"CCCCCCCCCCCCCCCCCCC"
"422",1,5018,"O=C1CCC2(O1)C=C(C(=O)C(=C2)C(C)(C)C)C(C)(C)C"
"423",1,5019,"CCCCCCCCCCCCCCCC(CCCCCC)CCCCCC"
"424",1,5020,"CCCCCCCCCCCCCCCCCCCC"
"425",1,5021,"CCCCCCCCCCCCCCCCC"
"426",1,5022,"CCCCCCCCCCCCCCCCCCCCCCCC"
"427",1,5023,"CCCCCCCCCCCCCCCCCC"
"428",1,5024,"CCCCCCCCCCCCCCCCCCCCCCCCCCCC"
"429",1,5025,"CC1(C)OC(OC1(C)C)C1OC(C(O1)(C)C)(C)C"
"430",1,5026,"FC(C(Cl)Cl)F"
"431",1,5027,"ClC(C(F)(F)F)Cl"
"432",1,5028,"CC(=O)CCCOC(=O)C"
"433",1,5029,"CCCC/C=C/CCCCCCCCC/C=C\CO"
"434",1,5030,"CC(=O)N[C@@H]1CC[C@@H]([C@H]2[C@@H]1O2)O"
"435",1,5031,"CCCCCc1cc(O)cc(c1)O"
"436",1,5032,"CN(/C=N/c1ccccc1)C"
"437",1,5033,"CNC(=O)/C=C\C(=O)O"
"438",1,5034,"Clc1cccc(c1)NC(=O)c1cccc2c1cccc2"
"439",1,5035,"CCCCCCCCC=CCCCCCCCC(=O)N"
"440",1,5036,"CCCCCCCCCCCCCCC(=O)O"
"441",1,5037,"CCCCCCCCCCCC(=O)O"
"442",1,5038,"CCCCCCCCCCCCCC(=O)O"
"443",1,5039,"CCCCCCCCC(=O)O"
"444",1,5040,"CCCCC/C=C\C/C=C\CCCCCCCC(=O)OC(CO)CO"
"445",1,5041,"CCCCCCCCCCCCCCCC(=O)OCC"
"446",1,5042,"CCCCCCCCCCOC(=O)c1ccccc1C(=O)OCCCCCCCCCC"
"447",1,5043,"CCCCOC(=O)c1ccccc1C(=O)OCCCCCCCC(C)C"
"448",1,5044,"CCCCCCOC(=O)c1ccccc1C(=O)OCCCCCC"
"449",1,5045,"CCCCCCCC/C=C\CCCCCCCC(=O)OCC"
"450",1,5046,"CCCCOC(=O)c1ccccc1C(=O)OCCCCCCCC(C)C"
"451",1,5047,"CCCCCCCCCCCCCCC(=O)OCC"
"452",1,5048,"CCCCCCCCCCCCCOC(=O)c1ccccc1C(=O)OCCCCCCCCCCCCC"
"453",1,5049,"CCCCCCCCCCCCCCCCCCCCCOC=O"
"454",1,5050,"CCCCOC(=O)[C@@H]1CCCN1C(=O)OCC"
"455",1,5051,"CCCCCCCCO[S@](=O)OCCCCCC"
"456",1,5052,"CCCCCCCCCCCCOS(=O)OCCCC"
"457",1,5053,"CCCCCCCCC(S(=O)(=O)OCCCC)CCCCC"
"458",1,5054,"CCCOC(=O)C1CCCCC1(C)C"
"459",1,5055,"CCCCOC(=O)C(CC(=O)OCCCC)(CC(=O)OCCCC)O"
"460",1,5056,"CCCCCCCCCC(=O)Oc1c(Br)cc(cc1Br)Br"
"461",1,5057,"CCCCCCCCCCCCCCCC(=O)OC(CO)CO"
"462",1,5058,"CCCC(=O)OCC"
"463",1,5059,"CC(COC(=O)c1ccccc1C(=O)OCC(C)C)C"
"464",1,5060,"CO/C(=N\O)/c1ccccc1"
"465",1,5061,"CCC[C@H](CCCCC[C@H](C(=O)OC)C)C"
"466",1,5062,"O[C@H]1CC[C@]2(C(=CCC3=C4[C@@](CC[C@H]23)(C)[C@H](CC4)[C@@H](CC[C@@H](C(C)C)C)C)C1)C"
"467",1,5063,"O[C@H]1CC[C@]2(C(=CC=C3C2=CC[C@]2([C@H]3CC[C@@H]2[C@@H](/C=C/[C@@H](C(C)C)C)C)C)C1)C"
"468",1,5064,"CC1=CC(O)CC(=C)C2C(CC1)/C(=C/CC1OC1(C)C)/COC2O"
"469",1,5065,"C[C@H]1CCCCN1"
"470",1,5066,"CCN/N=C/CC"
"471",1,5067,"CNCCCN1CC1"
"472",1,5068,"OC(=O)c1cccnc1"
"473",1,5069,"CC(C[C@@H]1NC(=O)[C@H]2N(C1=O)CCC2)C"
"474",1,5070,"CCOC(=O)[C@@H]1CCC(=O)N1"
"475",1,5071,"Nc1cc(=O)[nH]c(=O)[nH]1"
"476",1,5072,"CCC1=NNCC1"
"477",1,5073,"Cc1cnco1"
"478",1,5074,"COc1cc(OC)cc2c1c(c[nH]2)c1ccccc1"
"479",1,5075,"CNCCCNC"
"480",1,5076,"CCCCCCCCCCCCC(CCCCC(=O)N1CCCC1)O"
"481",1,5077,"O=C1CCC(=O)N1"
"482",1,5078,"O=C1N=C(N(C1=O)C)N"
"483",1,5079,"O[C@@H]1C(=O)OCC1(C)C"
"484",1,5080,"CCCCCCC"
"485",1,5081,"CC1=C(O)C(=O)CC(C1)(C)C"
"486",1,5082,"CCCCC1=CS(=O)(=O)C=C1"
"487",1,5083,"CCN1C(=S)OCC1=O"
"488",1,5084,"CCCCCCCCCC(SSC(CCCCCCCCC)(C)C)(C)C"
"489",1,5085,"Oc1cc(ccc1C(C)(C)C)C(C)(C)C"
"490",1,5086,"Oc1ccc(cc1C(C)(C)C)C(C)(C)C"
"491",1,5087,"CCC(CC)(O)C"
"492",1,5088,"OCCc1ccccc1"
"493",1,5089,"CCCC[C@@H](CC)C"
"494",1,5090,"CC1(O)CCCC1"
"495",1,5091,"CCCCOC(=O)C"
"496",1,5092,"Cc1cccc(c1)C"
"497",1,5093,"Cc1cc(C)cc(c1)C"
"498",1,5094,"CCCCCC(=O)CC"
"499",1,5095,"Clc1ccc(cc1)Cl"
"500",1,5096,"CCCCCCCCCC/C=C/C=O"
"501",1,5097,"C[C@@H]1CC[C@@H]2[C@@]31CC[C@@]([C@H](C3)C2(C)C)(C)O"
"502",1,5098,"CC(COC(=O)CCCCC(=O)OCC(C)C)C"
"503",1,5099,"CCCCC/C=C\C/C=C\CCCCCCCC(=O)OC"
"504",1,5100,"[O-]C(=O)[C@@H]([N+](C)(C)C)Cc1c[nH]c(=S)[nH]1"
"505",1,5101,"OCCc1sc[n+](c1C)Cc1cnc(nc1N)C.[Cl-]"
"506",1,5102,"OC[C@H]([C@H]([C@H](Cn1c2cc(C)c(cc2nc2c1nc(=O)[nH]c2=O)C)O)O)O"
"507",1,5103,"OC(=O)CC[C@@H](C(=O)O)NC(=O)c1ccc(cc1)NCc1cnc2c(n1)c(=O)[nH]c(n2)N"
"508",1,5104,"OC[C@H]1O[C@@H]([C@@H]([C@@H]1OP(=O)(O[C@@H](CNC(=O)CC[C@@]1(C)C2=N[C@H]([C@@H]1CC(=O)N)[C@]1(C)[N-]/C(=C(/C)\C3=N/C(=C\C4=N/C(=C\2/C)/[C@@H](CCC(=O)N)C4(C)C)/[C@H]([C@]3(C)CC(=O)N)CCC(=O)N)/[C@H]([C@]1(C)CC(=O)N)CCC(=O)N)C)[O-])O)n1cnc2c1cc(C)c(c2)C.[C-]#N.[Co+3]"
"509",1,5105,"CC(CCC[C@H]([C@H]1CC[C@@H]2[C@]1(C)CCC/C/2=C\C=C/1\C[C@@H](O)CCC1=C)C)C"
"510",1,5106,"CCCC/C=C\CCCCCCCC(=O)O"
"511",1,5107,"CCCC/C=C\CCCCCCCCC(=O)O"
"512",1,5108,"CCCCCC/C=C\CCCCCCCC(=O)O"
"513",1,5109,"CCCCCCCCCCCCCCCCC(=O)O"
"514",1,5110,"CCCCCCCCCCCCCCCCCCCC(=O)O"
"515",1,5111,"CC/C=C\C/C=C\C/C=C\C/C=C\C/C=C\CCCC(=O)O"
"516",1,5112,"CCCCC/C=C\C/C=C\CCCCCCCCCC(=O)O"
"517",1,5113,"CC/C=C\C/C=C\C/C=C\CCCCCCCCCC(=O)O"
"518",1,5114,"CCCCCCCCCCCCCCCCCCCCC(=O)O"
"519",1,5115,"CCCCCCCCCCCCCCCCCCCCCC(=O)O"
"520",1,5116,"CCCCCCCC/C=C\CCCCCCCCCCCC(=O)O"
"521",1,5117,"CCCCCCCCCCCCCCCCCCCCCCC(=O)O"
"522",1,5118,"CCCCCCCCCCCCCCCCCCCCCCCC(=O)O"
"523",1,5119,"OC(=O)/C=C/c1ccccc1"
"524",1,6001,"CCCCCCCC(=O)O"
"525",1,9001,"COc1cc(cc(c1O)OC)C(=O)O"
"526",1,9002,"Oc1cc(O)c2c(c1)oc(c(c2=O)O[C@@H]1O[C@H](CO[C@@H]2O[C@@H](C)[C@@H]([C@H]([C@H]2O)O)O)[C@H]([C@@H]([C@H]1O)O)O)c1ccc(c(c1)O)O"
"527",1,9003,"COc1cc(ccc1O)C(=O)O"
"528",1,9004,"Oc1cc(O)c2c(c1)oc(c(c2=O)O)c1ccc(c(c1)O)O"
"529",1,9005,"Oc1cc2O[C@H](c3ccc(c(c3)O)O)[C@H](Cc2c(c1)O)O"
"530",1,9006,"Oc1cc2O[C@H](c3ccc(c(c3)O)O)[C@@H](Cc2c(c1)O)O"
"531",1,9007,"Oc1ccc(cc1)[C@@H]1CC(=O)c2c(O1)cc(cc2O)O"
"532",1,13001,"O=C(c1cc(O)c(c(c1)OC(=O)c1cc([O-])c(c(c1)O)[O-])O)O[C@@H]1[C@@H](COC(=O)c2cc(O)c(c(c2)OC(=O)c2cc(O)c(c(c2)O)O)O)O[C@H]([C@@H]([C@H]1OC(=O)c1cc(O)c(c(c1)OC(=O)c1cc(O)c(c(c1)O)O)O)OC(=O)c1cc(O)c(c(c1)OC(=O)c1cc(O)c(c(c1)O)O)O)OC(=O)c1cc(O)c(c(c1)OC(=O)c1cc(O)c(c(c1)O)O)O.[Zn+2]"
"533",1,13002,"Oc1cc2c(=O)oc3c4c2c(c1O)oc(=O)c4cc(c3O)O"
"534",1,13003,"OCC=C=CC#CC#C"
"535",1,13004,"NC(=O)OCC[N+](C)(C)C"
"536",1,13005,"S1CSSCSS1"
"537",1,13006,"OC[C@H]1O[C@@H](O[C@@H]2[C@@H](O)[C@H](O)O[C@@H]([C@H]2O)CO[C@@H]2O[C@H](CO)[C@H]([C@@H]([C@H]2O)O)O)[C@@H]([C@H]([C@@H]1O)O[C@@H]1O[C@H](CO)[C@H]([C@@H]([C@H]1O)O[C@@H]1O[C@H](CO[C@@H]2O[C@H](CO)[C@H]([C@@H]([C@H]2O)O)O)[C@H]([C@@H]([C@H]1O)O[C@@H]1O[C@H](CO)[C@H]([C@@H]([C@H]1O)O)O)O)O)O"
"538",1,16001,"CCCCCCCC/C=C/CCCCCCCC(=O)O"
"539",1,16002,"CCCCCCCC/C=C\CCCCCCCCCCCCCC(=O)O"
"540",1,16003,"CC/C=C\C/C=C\C/C=C\C/C=C\C/C=C\C/C=C\CCC(=O)O"
"541",1,20001,"OC(=O)c1ccccc1O"
"542",1,20002,"Oc1cc2O[C@H](c3ccc(c(c3)O)O)[C@@H](Cc2c(c1)O)O"
"543",1,20003,"OC[C@H]1O[C@H]([C@@H]([C@H]([C@@H]1O)O)O)c1c(O)cc(c2c1oc(cc2=O)c1ccc(cc1)O)O"
"544",1,23001,"COC(=O)[C@@H]1/C/2=C\3/N=C([C@H]([C@@H]3CCC(=O)OC/C=C(/CCC[C@@H](CCC[C@@H](CCCC(C)C)C)C)\C)C)/C=c/3\[n-]/c(=C\C4=N/C(=C\c5[n-]c2c(C1=O)c5C)/C(=C4C)CC)/c(c3C)C=C.[Mg+2]"
"545",1,25001,"CCCCCCCCCCCCCCCCC/C=C/C(=O)O"
"546",1,26001,"CCCCCC/C=C/CCCCCCCCCC(=O)O"
"547",1,26002,"CCCCCC/C=C\CCCCCCCCC(=O)O"
"548",1,26003,"CCCCCCCCCC=CC=CC(=O)O"
"549",1,26004,"CCCCC/C=C\C/C=C\C/C=C\CCCCC(=O)O"
"550",1,26005,"CC/C=C/C/C=C/C/C=C/C/C=C/C/C=C/CCCCCC(=O)O"
"551",1,27001,"COc1ccc(c2c1CC=C(C)CCC=C(C2)C)O"
"552",1,27002,"COc1ccc(c2c1C[C@@H](C(=C)C)[C@@](C2)(C)C=C)O"
"553",1,27003,"COc1cc(c2cc(OC)c3c(c2O)CC(=CCCC(=CC3)C)C)c(c2c1CC=C(C)CCC=C(C2)C)O"
"554",1,27004,"CCCCCCCCCCCCCCCCCC(=O)Oc1ccc(c2c1CC(=CCCC(=CC2)C)C)OC"
"555",1,28001,"CO[C@H]1OC[C@]2([C@]31C[C@]3(C)[C@H]1CC(C[C@H]1[C@@H]2O)(C)C)O"
"556",1,28002,"CO[C@H]1OC[C@]2([C@]31C[C@]3(C)[C@@H]1[C@H]([C@@H]2OC(=O)C)CC(C1)(C)C)O"
"557",1,28003,"COC1OCC2(C31CC3(C)C1CC(CC1C2O)(C)C)O"
"558",1,28004,"CO[C@@H]1OC[C@]2([C@]31C[C@]3(C)[C@@H]1[C@H]([C@@H]2OC(=O)C)CC(C1)(C)C)O"
"559",1,28005,"O[C@@H]1C2=C(C[C@]([C@@H]3[C@H]1CC(C3)(C)C)(C)O)C(=O)OC2"
"560",1,28006,"C[C@@H]1Cc2cocc2[C@H]([C@H]2C1=CC(C2)(C)C)O"
"561",1,30002,"OCC/C=C/C(=C/C(=O)C/C=C\CCCCCCCC(=O)O)/O"
"562",1,30003,"CCC/C=C/C#CC/C=C/CCCCCCCC(=O)O"
"563",1,33001,"COc1ccc(c(c1)CO)n1cnc2c(c1=O)cc(cc2)OC"
"564",1,33002,"COc1ccc(c(c1)CO)N1CN(C=O)c2c(C1)cc(cc2)OC"
"565",1,33003,"COc1ccc(c(c1)CO)N1CN(C=O)c2c(C1=O)cc(cc2)OC"
"566",1,33004,"OCc1ccc(o1)C=O"
"567",1,33005,"O=C1C[C@@H]([C@@]23C1=C(C)C(C)(C)[C@H](C3)CC2)C"
"568",1,34001,"OC[C@H]([C@H]([C@@H]([C@@H](C(C)C)O)O)O)O"
"569",1,34002,"O[C@H]1CC[C@]2([C@@](C1)(O)[C@H](O)C[C@@H]1[C@@H]2CC[C@]2([C@H]1CC[C@@H]2[C@@H](/C=C/[C@@H](C(C)C)C)C)C)C"
"570",1,34003,"CC([C@H](/C=C/[C@H]([C@H]1CCC2=C3[C@H](CC[C@]12C)[C@@]1(C)CCC(=O)C=C1C=C3)C)C)C"
"571",1,34004,"O[C@@H]1CC[C@]2([C@](C1)(O)C(=O)C=C1[C@@H]2CC[C@]2([C@H]1CC[C@@H]2[C@@H](/C=C/[C@@H](C(C)C)C)C)C)C"
"572",1,34005,"O[C@H]1CC[C@]2([C@@]3(C1)OO[C@@]1([C@@H]2CC[C@]2([C@H]1CC[C@@H]2[C@@H](/C=C/[C@@H](C(C)C)C)C)C)C=C3)C"
"573",1,34006,"O[C@H]1CC[C@]2([C@@](C1)(O)[C@H](O)C=C1[C@@H]2CC[C@]2([C@H]1CC[C@@H]2[C@@H](/C=C/[C@@H](C(C)C)C)C)C)C"
"574",1,34007,"O[C@H]1CC[C@]2([C@@]3(C1)OO[C@@]1(C2=CC[C@]2([C@H]1CC[C@@H]2[C@@H](/C=C/[C@@H](C(C)C)C)C)C)C=C3)C"
"575",1,36001,"OC1[C@H](O)CC(C[C@H]1O)(O)C(=O)O"
"576",1,36002,"C[C@@H](CCC[C@]1(C)CCc2c(O1)c(C)cc(c2)O)CCC[C@@H](CCCC(C)C)C"
"577",1,37001,"CCCCCCCCCCCCCCCCCC(=O)OC[C@]1(C)CC2=C(C1)[C@@]1(C)CCC1=C(C2=O)C"
"578",1,37002,"CCCCCCCCCCCCCCCCCC(=O)OC[C@]1(C)C[C@@H]2[C@@](C1)(O)[C@@]1(C)CCC1=C(C2=O)C"
"579",1,37003,"OC[C@]1(C)C[C@@H]2[C@H](C1)[C@@]1(C)CCC1=C(C2=O)C"
"580",1,37004,"OC[C@]1(C)C[C@@H]2[C@@](C1)(O)[C@@]1(C)CCC1=C(C2=O)C"
"581",1,37005,"OC[C@]1(C)C[C@@H]2[C@@](C1)(O)[C@@]1(C)C[C@@H](C1=C(C2=O)C)O"
"582",1,37006,"OC[C@]1(C)C[C@@H]2[C@H](C1)[C@@]1(C)C[C@@H](C1=C(C2=O)C)O"
"583",1,37007,"OCCC1=C(C)C(=O)C2=C(C1=O)C[C@](C2)(C)CO"
"584",1,37008,"OCCC1=C(C)C(=O)[C@@]23[C@](C1=O)(C[C@@](C3)(C)CO)O2"
"585",1,37009,"O[C@@H]1O[C@H]2[C@@H]3[C@@]1(O)O[C@@](C3)([C@@H]1[C@H]2CC(C1)(C)C)C"
"586",1,37010,"OCC1=C(C[C@H](C2=CCC(C2)(C)C)C)C(=O)OC1"
"587",1,37011,"O[C@H]1OC(=O)C2=C1[C@H](O)[C@@H]1CC(C[C@H]1[C@@](C2)(C)O)(C)C"
"588",1,37012,"O[C@H]1[C@@H]2CC(C[C@@H]2[C@@](Cc2c1coc2)(C)O)(C)C"
"589",1,49001,"OCC1=C[C@@H](O)[C@]2([C@@H]([C@@H]1O)O2)C[C@H]1C(=CC[C@@H]2[C@]1(C)CCCC2(C)C)C"
"590",1,49002,"OCC1=C[C@@H](O)[C@]2([C@@H]([C@@H]1O)O2)C[C@H]1C(=CC[C@@H]2[C@]1(C)CC[C@@H](C2(C)C)O)C"
"591",1,49003,"C=C1[C@H](O)[C@@H](O)[C@]2([C@@H]([C@@H]1O)O2)C[C@H]1C(=CC[C@@H]2[C@]1(C)CCCC2(C)C)C"
"592",1,999999,"CCCCCCC"
"593",1,999999,"CCCCCCC"
"594",1,999999,"CCCCCCC"
"595",1,999999,"CCCCCCC"
"596",1,999999,"CCCCCCC"
"597",1,999999,"CCCCCCC"
"598",1,999999,"CCCCCCC"
"599",1,999999,"CCCCCCC"
"600",1,999999,"CCCCCCC"
